Workbook

Sheet PD
A6: Asociación Mexicana de Garantías | U6: Primer Trimestre 2023
A7: INDICES DE GESTION DEL ESTADO DE RESULTADOS POR COMPAÑÍA
A8: ADMINISTRATIVAS
U9: (Miles de pesos)
A10: Posición | B10: Compañía | C10: Primas Directas | G10: Prima Tomada | J10: Prima Cedida | M10: Prima Retenida | P10: Inc. Rva. Riesgo Curso Ret. | S10: Prima Devengada Retenida
C11: Monto | E11: Incremento | G11: Monto | H11: % | J11: Monto | K11: % | M11: Monto | N11: % | P11: Monto | Q11: % | S11: Monto | T11: %
C12: =+B35 -> 2023 | D12: =+C12-1 -> 2022 | H12: =+B35 -> 2023 | I12: =+H12-1 -> 2022 | K12: =+B35 -> 2023 | L12: =+K12-1 -> 2022 | N12: =+B35 -> 2023 | O12: =+N12-1 -> 2022 | Q12: =+B35 -> 2023 | R12: =+Q12-1 -> 2022 | T12: =+B35 -> 2023 | U12: 2022
C13: 1 | E13: Monto | F13: % | G13: 2 | H13: 2 / Prima Emitida | J13: 3 | K13: 3 / 1 | M13: 4 | N13: 4 / 1 | P13: 5 | Q13: 5 / 4 | S13: 6 | T13: 6 / 4
A15: 1 | B15: Aseguradora Aserta, S.A. DE C.V. | E15: =+C15-D15 -> 0 | F15: =+IFERROR(E15/D15*100,0) -> 0 | H15: =+IFERROR(G15/C15*100,0) -> 0 | K15: =+IFERROR(J15/C15*100,0) -> 0 | N15: =+IFERROR(M15/C15*100,0) -> 0 | Q15: =+IFERROR(P15/M15*100,0) -> 0 | T15: =+IFERROR(S15/M15*100,0) -> 0
A16: 2 | B16: Aseguradora Insurgentes, S.A. de C.V. | E16: =+C16-D16 -> 0 | F16: =+IFERROR(E16/D16*100,0) -> 0 | H16: =+IFERROR(G16/C16*100,0) -> 0 | K16: =+IFERROR(J16/C16*100,0) -> 0 | N16: =+IFERROR(M16/C16*100,0) -> 0 | Q16: =+IFERROR(P16/M16*100,0) -> 0 | T16: =+IFERROR(S16/M16*100,0) -> 0
A17: 3 | B17: Inbursa Seguros de Caución y Fianzas, S.A. | E17: =+C17-D17 -> 0 | F17: =+IFERROR(E17/D17*100,0) -> 0 | H17: =+IFERROR(G17/C17*100,0) -> 0 | K17: =+IFERROR(J17/C17*100,0) -> 0 | N17: =+IFERROR(M17/C17*100,0) -> 0 | Q17: =+IFERROR(P17/M17*100,0) -> 0 | T17: =+IFERROR(S17/M17*100,0) -> 0
A18: 4 | B18: Berkley International Fianzas México, S.A. DE C.V. | E18: =+C18-D18 -> 0 | F18: =+IFERROR(E18/D18*100,0) -> 0 | H18: =+IFERROR(G18/C18*100,0) -> 0 | K18: =+IFERROR(J18/C18*100,0) -> 0 | N18: =+IFERROR(M18/C18*100,0) -> 0 | Q18: =+IFERROR(P18/M18*100,0) -> 0 | T18: =+IFERROR(S18/M18*100,0) -> 0
A19: =+A18+1 -> 5 | B19: Chubb Fianzas Monterrey, Aseguradora de Caución, S.A. | E19: =+C19-D19 -> 0 | F19: =+IFERROR(E19/D19*100,0) -> 0 | H19: =+IFERROR(G19/C19*100,0) -> 0 | K19: =+IFERROR(J19/C19*100,0) -> 0 | N19: =+IFERROR(M19/C19*100,0) -> 0 | Q19: =+IFERROR(P19/M19*100,0) -> 0 | T19: =+IFERROR(S19/M19*100,0) -> 0
A20: =+A19+1 -> 6 | B20: Liberty Fianzas, S.A. de C.V. | E20: =+C20-D20 -> 0 | F20: =+IFERROR(E20/D20*100,0) -> 0 | H20: =+IFERROR(G20/C20*100,0) -> 0 | K20: =+IFERROR(J20/C20*100,0) -> 0 | N20: =+IFERROR(M20/C20*100,0) -> 0 | Q20: =+IFERROR(P20/M20*100,0) -> 0 | T20: =+IFERROR(S20/M20*100,0) -> 0
A21: =+A20+1 -> 7 | B21: Tokio Marine, S.A. | E21: =+C21-D21 -> 0 | F21: =+IFERROR(E21/D21*100,0) -> 0 | H21: =+IFERROR(G21/C21*100,0) -> 0 | K21: =+IFERROR(J21/C21*100,0) -> 0 | N21: =+IFERROR(M21/C21*100,0) -> 0 | Q21: =+IFERROR(P21/M21*100,0) -> 0 | T21: =+IFERROR(S21/M21*100,0) -> 0
A22: =+A21+1 -> 8 | B22: Fianzas y Cauciones Atlas, S.A. | E22: =+C22-D22 -> 0 | F22: =+IFERROR(E22/D22*100,0) -> 0 | H22: =+IFERROR(G22/C22*100,0) -> 0 | K22: =+IFERROR(J22/C22*100,0) -> 0 | N22: =+IFERROR(M22/C22*100,0) -> 0 | Q22: =+IFERROR(P22/M22*100,0) -> 0 | T22: =+IFERROR(S22/M22*100,0) -> 0
A23: =+A22+1 -> 9 | B23: Fianzas Avanza, S.A. de C.V. | E23: =+C23-D23 -> 0 | F23: =+IFERROR(E23/D23*100,0) -> 0 | H23: =+IFERROR(G23/C23*100,0) -> 0 | K23: =+IFERROR(J23/C23*100,0) -> 0 | N23: =+IFERROR(M23/C23*100,0) -> 0 | Q23: =+IFERROR(P23/M23*100,0) -> 0 | T23: =+IFERROR(S23/M23*100,0) -> 0
A24: =+A23+1 -> 10 | B24: AVLA Seguros. S. A de C.V. | E24: =+C24-D24 -> 0 | F24: =+IFERROR(E24/D24*100,0) -> 0 | H24: =+IFERROR(G24/C24*100,0) -> 0 | K24: =+IFERROR(J24/C24*100,0) -> 0 | N24: =+IFERROR(M24/C24*100,0) -> 0 | Q24: =+IFERROR(P24/M24*100,0) -> 0 | T24: =+IFERROR(S24/M24*100,0) -> 0
A25: =+A24+1 -> 11 | B25: Mapfre Fianzas, S.A. de C.V. | E25: =+C25-D25 -> 0 | F25: =+IFERROR(E25/D25*100,0) -> 0 | H25: =+IFERROR(G25/C25*100,0) -> 0 | K25: =+IFERROR(J25/C25*100,0) -> 0 | N25: =+IFERROR(M25/C25*100,0) -> 0 | Q25: =+IFERROR(P25/M25*100,0) -> 0 | T25: =+IFERROR(S25/M25*100,0) -> 0
A26: =+A25+1 -> 12 | B26: Cescemex, S.A. de C.V. | E26: =+C26-D26 -> 0 | F26: =+IFERROR(E26/D26*100,0) -> 0 | H26: =+IFERROR(G26/C26*100,0) -> 0 | K26: =+IFERROR(J26/C26*100,0) -> 0 | N26: =+IFERROR(M26/C26*100,0) -> 0 | Q26: =+IFERROR(P26/M26*100,0) -> 0 | T26: =+IFERROR(S26/M26*100,0) -> 0
A27: =+A26+1 -> 13 | B27: Crédito Afianzador, S.A. | E27: =+C27-D27 -> 0 | F27: =+IFERROR(E27/D27*100,0) -> 0 | H27: =+IFERROR(G27/C27*100,0) -> 0 | K27: =+IFERROR(J27/C27*100,0) -> 0 | N27: =+IFERROR(M27/C27*100,0) -> 0 | Q27: =+IFERROR(P27/M27*100,0) -> 0 | T27: =+IFERROR(S27/M27*100,0) -> 0
A28: =+A27+1 -> 14 | B28: Fianzas Asecam, S.A. | E28: =+C28-D28 -> 0 | F28: =+IFERROR(E28/D28*100,0) -> 0 | H28: =+IFERROR(G28/C28*100,0) -> 0 | K28: =+IFERROR(J28/C28*100,0) -> 0 | N28: =+IFERROR(M28/C28*100,0) -> 0 | Q28: =+IFERROR(P28/M28*100,0) -> 0 | T28: =+IFERROR(S28/M28*100,0) -> 0
A29: =+A28+1 -> 15 | B29: Fiducia, S.A. | E29: =+C29-D29 -> 0 | F29: =+IFERROR(E29/D29*100,0) -> 0 | H29: =+IFERROR(G29/C29*100,0) -> 0 | K29: =+IFERROR(J29/C29*100,0) -> 0 | N29: =+IFERROR(M29/C29*100,0) -> 0 | Q29: =+IFERROR(P29/M29*100,0) -> 0 | T29: =+IFERROR(S29/M29*100,0) -> 0
A30: 16 | B30: Dorama, Institución de Garantías, S.A. | E30: =+C30-D30 -> 0 | F30: =+IFERROR(E30/D30*100,0) -> 0 | H30: =+IFERROR(G30/C30*100,0) -> 0 | K30: =+IFERROR(J30/C30*100,0) -> 0 | N30: =+IFERROR(M30/C30*100,0) -> 0 | Q30: =+IFERROR(P30/M30*100,0) -> 0 | T30: =+IFERROR(S30/M30*100,0) -> 0
A31: 17 | B31: Sofimex, Institución de Garantías, S.A. | E31: =+C31-D31 -> 0 | F31: =+IFERROR(E31/D31*100,0) -> 0 | H31: =+IFERROR(G31/C31*100,0) -> 0 | K31: =+IFERROR(J31/C31*100,0) -> 0 | N31: =+IFERROR(M31/C31*100,0) -> 0 | Q31: =+IFERROR(P31/M31*100,0) -> 0 | T31: =+IFERROR(S31/M31*100,0) -> 0
B32: Total | C32: =SUM(C15:C31) -> 0 | D32: =SUM(D15:D31) -> 0 | G32: =SUM(G15:G31) -> 0 | I32: =SUM(I15:I31) -> 0 | M32: =SUM(M15:M31) -> 0 | P32: =SUM(P15:P31) -> 0 | S32: =SUM(S15:S31) -> 0
A35: Año | B35: 2023
XFD1048568: ="Primer Trimestre"&" "&$B$35 -> Primer Trimestre 2023
XFD1048569: ="Segundo Trimestre"&" "&$B$35 -> Segundo Trimestre 2023
XFD1048570: ="Tercer Trimestre"&" "&$B$35 -> Tercer Trimestre 2023
XFD1048571: ="Cuarto Trimestre"&" "&$B$35 -> Cuarto Trimestre 2023

Sheet COB_EXC
A6: Asociación Mexicana de Garantías | S6: Primer Trimestre 2023
A7: INDICES DE GESTION DEL ESTADO DE RESULTADOS POR COMPAÑÍA
A8: ADMINISTRATIVAS
S9: (Miles de pesos)
A10: Posición | B10: Compañía | C10: Cobertura Exc. de Pérdida | F10: Cto Adquisición Directo | I10: Costo Neto de Adquisición | L10: Cto. Siniestralidad Retenida | O10: Resultado Técnico | R10: Resultado Op. Analogas y C.
C11: Monto | D11: % | F11: Monto | G11: % | I11: Monto | J11: % | L11: Monto | M11: % | O11: Monto | P11: % | R11: Monto
D12: =+B35 -> 2023 | E12: =+D12-1 -> 2022 | G12: =+B35 -> 2023 | H12: =+G12-1 -> 2022 | J12: =+B35 -> 2023 | K12: =+J12-1 -> 2022 | M12: =+B35 -> 2023 | N12: =+M12-1 -> 2022 | P12: =+B35 -> 2023 | Q12: =+P12-1 -> 2022 | R12: =+B35 -> 2023 | S12: =+R12-1 -> 2022
C13: 7 | D13: 7/4 | F13: 8 | G13: 8/1 | I13: 9 | J13: 9/4 | L13: 10 | M13: 10/6 | O13: 11 | P13: 11/1 | R13: 12
A15: 1 | B15: Aseguradora Aserta, S.A. DE C.V. | D15: =+IFERROR(C15/PD!M15*100,0)*100 -> 0 | G15: =+IFERROR(F15/PD!C15*100,0) -> 0 | J15: =+IFERROR(I15/PD!M15*100,0) -> 0 | M15: =+IFERROR(L15/PD!S15*100,0) -> 0 | P15: =+IFERROR(O15/PD!C15*100,0) -> 0
A16: 2 | B16: Aseguradora Insurgentes, S.A. de C.V. | D16: =+IFERROR(C16/PD!M16*100,0)*100 -> 0 | G16: =+IFERROR(F16/PD!C16*100,0) -> 0 | J16: =+IFERROR(I16/PD!M16*100,0) -> 0 | M16: =+IFERROR(L16/PD!S16*100,0) -> 0 | P16: =+IFERROR(O16/PD!C16*100,0) -> 0
A17: 3 | B17: Inbursa Seguros de Caución y Fianzas, S.A. | D17: =+IFERROR(C17/PD!M17*100,0)*100 -> 0 | G17: =+IFERROR(F17/PD!C17*100,0) -> 0 | J17: =+IFERROR(I17/PD!M17*100,0) -> 0 | M17: =+IFERROR(L17/PD!S17*100,0) -> 0 | P17: =+IFERROR(O17/PD!C17*100,0) -> 0
A18: 4 | B18: Berkley International Fianzas México, S.A. DE C.V. | D18: =+IFERROR(C18/PD!M18*100,0)*100 -> 0 | G18: =+IFERROR(F18/PD!C18*100,0) -> 0 | J18: =+IFERROR(I18/PD!M18*100,0) -> 0 | M18: =+IFERROR(L18/PD!S18*100,0) -> 0 | P18: =+IFERROR(O18/PD!C18*100,0) -> 0
A19: =+A18+1 -> 5 | B19: Chubb Fianzas Monterrey, Aseguradora de Caución, S.A. | D19: =+IFERROR(C19/PD!M19*100,0)*100 -> 0 | G19: =+IFERROR(F19/PD!C19*100,0) -> 0 | J19: =+IFERROR(I19/PD!M19*100,0) -> 0 | M19: =+IFERROR(L19/PD!S19*100,0) -> 0 | P19: =+IFERROR(O19/PD!C19*100,0) -> 0
A20: =+A19+1 -> 6 | B20: Liberty Fianzas, S.A. de C.V. | D20: =+IFERROR(C20/PD!M20*100,0)*100 -> 0 | G20: =+IFERROR(F20/PD!C20*100,0) -> 0 | J20: =+IFERROR(I20/PD!M20*100,0) -> 0 | M20: =+IFERROR(L20/PD!S20*100,0) -> 0 | P20: =+IFERROR(O20/PD!C20*100,0) -> 0
A21: =+A20+1 -> 7 | B21: Tokio Marine, S.A. | D21: =+IFERROR(C21/PD!M21*100,0)*100 -> 0 | G21: =+IFERROR(F21/PD!C21*100,0) -> 0 | J21: =+IFERROR(I21/PD!M21*100,0) -> 0 | M21: =+IFERROR(L21/PD!S21*100,0) -> 0 | P21: =+IFERROR(O21/PD!C21*100,0) -> 0
A22: =+A21+1 -> 8 | B22: Fianzas y Cauciones Atlas, S.A. | D22: =+IFERROR(C22/PD!M22*100,0)*100 -> 0 | G22: =+IFERROR(F22/PD!C22*100,0) -> 0 | J22: =+IFERROR(I22/PD!M22*100,0) -> 0 | M22: =+IFERROR(L22/PD!S22*100,0) -> 0 | P22: =+IFERROR(O22/PD!C22*100,0) -> 0
A23: =+A22+1 -> 9 | B23: Fianzas Avanza, S.A. de C.V. | D23: =+IFERROR(C23/PD!M23*100,0)*100 -> 0 | G23: =+IFERROR(F23/PD!C23*100,0) -> 0 | J23: =+IFERROR(I23/PD!M23*100,0) -> 0 | M23: =+IFERROR(L23/PD!S23*100,0) -> 0 | P23: =+IFERROR(O23/PD!C23*100,0) -> 0
A24: =+A23+1 -> 10 | B24: AVLA Seguros. S. A de C.V. | D24: =+IFERROR(C24/PD!M24*100,0)*100 -> 0 | G24: =+IFERROR(F24/PD!C24*100,0) -> 0 | J24: =+IFERROR(I24/PD!M24*100,0) -> 0 | M24: =+IFERROR(L24/PD!S24*100,0) -> 0 | P24: =+IFERROR(O24/PD!C24*100,0) -> 0
A25: =+A24+1 -> 11 | B25: Mapfre Fianzas, S.A. de C.V. | D25: =+IFERROR(C25/PD!M25*100,0)*100 -> 0 | G25: =+IFERROR(F25/PD!C25*100,0) -> 0 | J25: =+IFERROR(I25/PD!M25*100,0) -> 0 | M25: =+IFERROR(L25/PD!S25*100,0) -> 0 | P25: =+IFERROR(O25/PD!C25*100,0) -> 0
A26: =+A25+1 -> 12 | B26: Cescemex, S.A. de C.V. | D26: =+IFERROR(C26/PD!M26*100,0)*100 -> 0 | G26: =+IFERROR(F26/PD!C26*100,0) -> 0 | J26: =+IFERROR(I26/PD!M26*100,0) -> 0 | M26: =+IFERROR(L26/PD!S26*100,0) -> 0 | P26: =+IFERROR(O26/PD!C26*100,0) -> 0
A27: =+A26+1 -> 13 | B27: Crédito Afianzador, S.A. | D27: =+IFERROR(C27/PD!M27*100,0)*100 -> 0 | G27: =+IFERROR(F27/PD!C27*100,0) -> 0 | J27: =+IFERROR(I27/PD!M27*100,0) -> 0 | M27: =+IFERROR(L27/PD!S27*100,0) -> 0 | P27: =+IFERROR(O27/PD!C27*100,0) -> 0
A28: =+A27+1 -> 14 | B28: Fianzas Asecam, S.A. | D28: =+IFERROR(C28/PD!M28*100,0)*100 -> 0 | G28: =+IFERROR(F28/PD!C28*100,0) -> 0 | J28: =+IFERROR(I28/PD!M28*100,0) -> 0 | M28: =+IFERROR(L28/PD!S28*100,0) -> 0 | P28: =+IFERROR(O28/PD!C28*100,0) -> 0
A29: =+A28+1 -> 15 | B29: Fiducia, S.A. | D29: =+IFERROR(C29/PD!M29*100,0)*100 -> 0 | G29: =+IFERROR(F29/PD!C29*100,0) -> 0 | J29: =+IFERROR(I29/PD!M29*100,0) -> 0 | M29: =+IFERROR(L29/PD!S29*100,0) -> 0 | P29: =+IFERROR(O29/PD!C29*100,0) -> 0
A30: 16 | B30: Dorama, Institución de Garantías, S.A. | D30: =+IFERROR(C30/PD!M30*100,0)*100 -> 0 | G30: =+IFERROR(F30/PD!C30*100,0) -> 0 | J30: =+IFERROR(I30/PD!M30*100,0) -> 0 | M30: =+IFERROR(L30/PD!S30*100,0) -> 0 | P30: =+IFERROR(O30/PD!C30*100,0) -> 0
A31: 17 | B31: Sofimex, Institución de Garantías, S.A. | D31: =+IFERROR(C31/PD!M31*100,0)*100 -> 0 | G31: =+IFERROR(F31/PD!C31*100,0) -> 0 | J31: =+IFERROR(I31/PD!M31*100,0) -> 0 | M31: =+IFERROR(L31/PD!S31*100,0) -> 0 | P31: =+IFERROR(O31/PD!C31*100,0) -> 0
B32: Total | C32: =SUM(C15:C31) -> 0 | F32: =SUM(F15:F31) -> 0 | I32: =SUM(I15:I31) -> 0 | L32: =SUM(L15:L31) -> 0 | O32: =SUM(O15:O31) -> 0 | R32: =SUM(R15:R31) -> 0 | S32: =SUM(S15:S31) -> 0
A35: Año | B35: 2023
XFD1048568: ="Primer Trimestre"&" "&$B$35 -> Primer Trimestre 2023
XFD1048569: ="Segundo Trimestre"&" "&$B$35 -> Segundo Trimestre 2023
XFD1048570: ="Tercer Trimestre"&" "&$B$35 -> Tercer Trimestre 2023
XFD1048571: ="Cuarto Trimestre"&" "&$B$35 -> Cuarto Trimestre 2023

Sheet GTOSOP
A6: Asociación Mexicana de Garantías | S6: Primer Trimestre 2023
A7: INDICES DE GESTION DEL ESTADO DE RESULTADOS POR COMPAÑÍA
A8: ADMINISTRATIVAS
S9: (Miles de pesos)
A10: Posición | B10: Compañía | C10: Gastos de Operación | H10: Resultado de Operación | M10: Producto Financiero
C11: Monto | D11: % | H11: Monto | I11: % | M11: Monto | N11: %
D12: =+B35 -> 2023 | E12: =+D12-1 -> 2022 | F12: =+B35 -> 2023 | G12: =+F12-1 -> 2022 | I12: =+B35 -> 2023 | J12: =+I12-1 -> 2022 | K12: =+B35 -> 2023 | L12: =+K12-1 -> 2022 | N12: =+B35 -> 2023 | O12: =+N12-1 -> 2022 | P12: =+B35 -> 2023 | Q12: =+P12-1 -> 2022 | R12: =+B35 -> 2023 | S12: =+R12-1 -> 2022
C13: 13 | D13: 13/1 | F13: 13/4 | H13: 14 | I13: 14/1 | K13: 14/4 | M13: 15 | N13: 15/1 | P13: 15/4 | R13: Prom. Inv.
A15: 1 | B15: Aseguradora Aserta, S.A. DE C.V. | D15: =+IFERROR(C15/PD!C15*100,0) -> 0 | F15: =+IFERROR(C15/PD!M16*100,0) -> 0 | I15: =+IFERROR(H15/PD!C16*100,0) -> 0 | K15: =+IFERROR(H15/PD!M16*100,0) -> 0 | N15: =+IFERROR(M15/PD!C16*100,0) -> 0 | P15: =+IFERROR(M15/PD!M16*100,0) -> 0
A16: 2 | B16: Aseguradora Insurgentes, S.A. de C.V. | D16: =+IFERROR(C16/PD!C16*100,0) -> 0 | F16: =+IFERROR(C16/PD!M17*100,0) -> 0 | I16: =+IFERROR(H16/PD!C17*100,0) -> 0 | K16: =+IFERROR(H16/PD!M17*100,0) -> 0 | N16: =+IFERROR(M16/PD!C17*100,0) -> 0 | P16: =+IFERROR(M16/PD!M17*100,0) -> 0
A17: 3 | B17: Inbursa Seguros de Caución y Fianzas, S.A. | D17: =+IFERROR(C17/PD!C17*100,0) -> 0 | F17: =+IFERROR(C17/PD!M18*100,0) -> 0 | I17: =+IFERROR(H17/PD!C18*100,0) -> 0 | K17: =+IFERROR(H17/PD!M18*100,0) -> 0 | N17: =+IFERROR(M17/PD!C18*100,0) -> 0 | P17: =+IFERROR(M17/PD!M18*100,0) -> 0
A18: 4 | B18: Berkley International Fianzas México, S.A. DE C.V. | D18: =+IFERROR(C18/PD!C18*100,0) -> 0 | F18: =+IFERROR(C18/PD!M19*100,0) -> 0 | I18: =+IFERROR(H18/PD!C19*100,0) -> 0 | K18: =+IFERROR(H18/PD!M19*100,0) -> 0 | N18: =+IFERROR(M18/PD!C19*100,0) -> 0 | P18: =+IFERROR(M18/PD!M19*100,0) -> 0
A19: 5 | B19: Chubb Fianzas Monterrey, Aseguradora de Caución, S.A. | D19: =+IFERROR(C19/PD!C19*100,0) -> 0 | F19: =+IFERROR(C19/PD!M20*100,0) -> 0 | I19: =+IFERROR(H19/PD!C20*100,0) -> 0 | K19: =+IFERROR(H19/PD!M20*100,0) -> 0 | N19: =+IFERROR(M19/PD!C20*100,0) -> 0 | P19: =+IFERROR(M19/PD!M20*100,0) -> 0
A20: 6 | B20: Liberty Fianzas, S.A. de C.V. | D20: =+IFERROR(C20/PD!C20*100,0) -> 0 | F20: =+IFERROR(C20/PD!M21*100,0) -> 0 | I20: =+IFERROR(H20/PD!C21*100,0) -> 0 | K20: =+IFERROR(H20/PD!M21*100,0) -> 0 | N20: =+IFERROR(M20/PD!C21*100,0) -> 0 | P20: =+IFERROR(M20/PD!M21*100,0) -> 0
A21: 7 | B21: Tokio Marine, S.A. | D21: =+IFERROR(C21/PD!C21*100,0) -> 0 | F21: =+IFERROR(C21/PD!M22*100,0) -> 0 | I21: =+IFERROR(H21/PD!C22*100,0) -> 0 | K21: =+IFERROR(H21/PD!M22*100,0) -> 0 | N21: =+IFERROR(M21/PD!C22*100,0) -> 0 | P21: =+IFERROR(M21/PD!M22*100,0) -> 0
A22: 8 | B22: Fianzas y Cauciones Atlas, S.A. | D22: =+IFERROR(C22/PD!C22*100,0) -> 0 | F22: =+IFERROR(C22/PD!M23*100,0) -> 0 | I22: =+IFERROR(H22/PD!C23*100,0) -> 0 | K22: =+IFERROR(H22/PD!M23*100,0) -> 0 | N22: =+IFERROR(M22/PD!C23*100,0) -> 0 | P22: =+IFERROR(M22/PD!M23*100,0) -> 0
A23: 9 | B23: Fianzas Avanza, S.A. de C.V. | D23: =+IFERROR(C23/PD!C23*100,0) -> 0 | F23: =+IFERROR(C23/PD!M24*100,0) -> 0 | I23: =+IFERROR(H23/PD!C24*100,0) -> 0 | K23: =+IFERROR(H23/PD!M24*100,0) -> 0 | N23: =+IFERROR(M23/PD!C24*100,0) -> 0 | P23: =+IFERROR(M23/PD!M24*100,0) -> 0
A24: 10 | B24: AVLA Seguros. S. A de C.V. | D24: =+IFERROR(C24/PD!C24*100,0) -> 0 | F24: =+IFERROR(C24/PD!M25*100,0) -> 0 | I24: =+IFERROR(H24/PD!C25*100,0) -> 0 | K24: =+IFERROR(H24/PD!M25*100,0) -> 0 | N24: =+IFERROR(M24/PD!C25*100,0) -> 0 | P24: =+IFERROR(M24/PD!M25*100,0) -> 0
A25: 11 | B25: Mapfre Fianzas, S.A. de C.V. | D25: =+IFERROR(C25/PD!C25*100,0) -> 0 | F25: =+IFERROR(C25/PD!M26*100,0) -> 0 | I25: =+IFERROR(H25/PD!C26*100,0) -> 0 | K25: =+IFERROR(H25/PD!M26*100,0) -> 0 | N25: =+IFERROR(M25/PD!C26*100,0) -> 0 | P25: =+IFERROR(M25/PD!M26*100,0) -> 0
A26: 12 | B26: Cescemex, S.A. de C.V. | D26: =+IFERROR(C26/PD!C26*100,0) -> 0 | F26: =+IFERROR(C26/PD!M27*100,0) -> 0 | I26: =+IFERROR(H26/PD!C27*100,0) -> 0 | K26: =+IFERROR(H26/PD!M27*100,0) -> 0 | N26: =+IFERROR(M26/PD!C27*100,0) -> 0 | P26: =+IFERROR(M26/PD!M27*100,0) -> 0
... A31: 17 | B31: Sofimex, Institución de Garantías, S.A. | D31: =+IFERROR(C31/PD!C31*100,0) -> 0 | F31: =+IFERROR(C31/PD!M32*100,0) -> 0 | I31: =+IFERROR(H31/PD!C32*100,0) -> 0 | K31: =+IFERROR(H31/PD!M32*100,0) -> 0 | N31: =+IFERROR(M31/PD!C32*100,0) -> 0 | P31: =+IFERROR(M31/PD!M32*100,0) -> 0
B32: Total | C32: =SUM(C14:C31) -> 0 | H32: =SUM(H14:H31) -> 0 | M32: =SUM(M14:M31) -> 0
A35: Año | B35: 2023
XFD1048566: ="Primer Trimestre"&" "&$B$35 -> Primer Trimestre 2023
XFD1048567: ="Segundo Trimestre"&" "&$B$35 -> Segundo Trimestre 2023
XFD1048568: ="Tercer Trimestre"&" "&$B$35 -> Tercer Trimestre 2023
XFD1048569: ="Cuarto Trimestre"&" "&$B$35 -> Cuarto Trimestre 2023

Sheet ORVAS
A6: Asociación Mexicana de Garantías | R6: Primer Trimestre 2023
A7: INDICES DE GESTION DEL ESTADO DE RESULTADOS POR COMPAÑÍA
A8: ADMINISTRATIVAS
R9: (Miles de pesos)
A10: Posición | B10: Compañía | C10: Otras Reservas | F10: Rtado Particp. Inv. Perman. | I10: Impto. a la Utilidad | L10: Rtado en Subsidiarias y Op. Discontinuadas | N10: Resultado Neto | Q10: Indice Combinado
C11: Monto | D11: % | F11: Monto | G11: % | I11: Monto | J11: % | N11: Monto | O11: %
D12: =+B35 -> 2023 | E12: =+D12-1 -> 2022 | G12: =+$B35 -> 2023 | H12: =+G12-1 -> 2022 | J12: =+$B35 -> 2023 | K12: =+J12-1 -> 2022 | L12: Monto | O12: =+$B35 -> 2023 | P12: =+O12-1 -> 2022 | Q12: =+$B35 -> 2023 | R12: =+Q12-1 -> 2022
C13: 16 | D13: 16/1 | F13: 17 | G13: 17/1 | I13: 18 | J13: 18/1 | L13: 2020 | M13: 2019 | N13: 19 | O13: 19/1 | Q13: %
A15: 1 | B15: Aseguradora Aserta, S.A. DE C.V. | D15: =+IFERROR(C15/PD!C16*100,0) -> 0 | G15: =+IFERROR(F15/PD!C16*100,0) -> 0 | J15: =+IFERROR(I15/PD!C15*100,0) -> 0 | L15: 0 | M15: 0 | O15: =+IFERROR(N15/PD!C15*100,0) -> 0
A16: 2 | B16: Aseguradora Insurgentes, S.A. de C.V. | D16: =+IFERROR(C16/PD!C17*100,0) -> 0 | G16: =+IFERROR(F16/PD!C17*100,0) -> 0 | J16: =+IFERROR(I16/PD!C16*100,0) -> 0 | L16: 0 | M16: 0 | O16: =+IFERROR(N16/PD!C16*100,0) -> 0
A17: 3 | B17: Inbursa Seguros de Caución y Fianzas, S.A. | D17: =+IFERROR(C17/PD!C18*100,0) -> 0 | G17: =+IFERROR(F17/PD!C18*100,0) -> 0 | J17: =+IFERROR(I17/PD!C17*100,0) -> 0 | L17: 0 | M17: 0 | O17: =+IFERROR(N17/PD!C17*100,0) -> 0
A18: 4 | B18: Berkley International Fianzas México, S.A. DE C.V. | D18: =+IFERROR(C18/PD!C19*100,0) -> 0 | G18: =+IFERROR(F18/PD!C19*100,0) -> 0 | J18: =+IFERROR(I18/PD!C18*100,0) -> 0 | L18: 0 | M18: 0 | O18: =+IFERROR(N18/PD!C18*100,0) -> 0
A19: 5 | B19: Chubb Fianzas Monterrey, Aseguradora de Caución, S.A. | D19: =+IFERROR(C19/PD!C20*100,0) -> 0 | G19: =+IFERROR(F19/PD!C20*100,0) -> 0 | J19: =+IFERROR(I19/PD!C19*100,0) -> 0 | L19: 0 | M19: 0 | O19: =+IFERROR(N19/PD!C19*100,0) -> 0
A20: 6 | B20: Liberty Fianzas, S.A. de C.V. | D20: =+IFERROR(C20/PD!C21*100,0) -> 0 | G20: =+IFERROR(F20/PD!C21*100,0) -> 0 | J20: =+IFERROR(I20/PD!C20*100,0) -> 0 | L20: 0 | M20: 0 | O20: =+IFERROR(N20/PD!C20*100,0) -> 0
A21: 7 | B21: Tokio Marine, S.A. | D21: =+IFERROR(C21/PD!C22*100,0) -> 0 | G21: =+IFERROR(F21/PD!C22*100,0) -> 0 | J21: =+IFERROR(I21/PD!C21*100,0) -> 0 | L21: 0 | M21: 0 | O21: =+IFERROR(N21/PD!C21*100,0) -> 0
A22: 8 | B22: Fianzas y Cauciones Atlas, S.A. | D22: =+IFERROR(C22/PD!C23*100,0) -> 0 | G22: =+IFERROR(F22/PD!C23*100,0) -> 0 | J22: =+IFERROR(I22/PD!C22*100,0) -> 0 | L22: 0 | M22: 0 | O22: =+IFERROR(N22/PD!C22*100,0) -> 0
A23: 9 | B23: Fianzas Avanza, S.A. de C.V. | D23: =+IFERROR(C23/PD!C24*100,0) -> 0 | G23: =+IFERROR(F23/PD!C24*100,0) -> 0 | J23: =+IFERROR(I23/PD!C23*100,0) -> 0 | L23: 0 | M23: 0 | O23: =+IFERROR(N23/PD!C23*100,0) -> 0
A24: 10 | B24: AVLA Seguros. S. A de C.V. | D24: =+IFERROR(C24/PD!C25*100,0) -> 0 | G24: =+IFERROR(F24/PD!C25*100,0) -> 0 | J24: =+IFERROR(I24/PD!C24*100,0) -> 0 | L24: 0 | M24: 0 | O24: =+IFERROR(N24/PD!C24*100,0) -> 0
A25: 11 | B25: Mapfre Fianzas, S.A. de C.V. | D25: =+IFERROR(C25/PD!C26*100,0) -> 0 | G25: =+IFERROR(F25/PD!C26*100,0) -> 0 | J25: =+IFERROR(I25/PD!C25*100,0) -> 0 | L25: 0 | M25: 0 | O25: =+IFERROR(N25/PD!C25*100,0) -> 0
A26: 12 | B26: Cescemex, S.A. de C.V. | D26: =+IFERROR(C26/PD!C27*100,0) -> 0 | G26: =+IFERROR(F26/PD!C27*100,0) -> 0 | J26: =+IFERROR(I26/PD!C26*100,0) -> 0 | L26: 0 | M26: 0 | O26: =+IFERROR(N26/PD!C26*100,0) -> 0
... A31: 17 | B31: Sofimex, Institución de Garantías, S.A. | D31: =+IFERROR(C31/PD!C32*100,0) -> 0 | G31: =+IFERROR(F31/PD!C32*100,0) -> 0 | J31: =+IFERROR(I31/PD!C31*100,0) -> 0 | L31: 0 | M31: 0 | O31: =+IFERROR(N31/PD!C31*100,0) -> 0
B32: Total | C32: =SUM(C15:C31) -> 0 | F32: =SUM(F15:F31) -> 0 | I32: =SUM(I15:I31) -> 0 | K32: =SUM(K15:K31) -> 0 | N32: =SUM(N15:N31) -> 0 | P32: =SUM(P15:P31) -> 0 | Q32: =SUM(Q15:Q31) -> 0 | R32: =SUM(R15:R31) -> 0
A35: Año | B35: 2023
XFD1048570: ="Primer Trimestre"&" "&$B$35 -> Primer Trimestre 2023
XFD1048571: ="Segundo Trimestre"&" "&$B$35 -> Segundo Trimestre 2023
XFD1048572: ="Tercer Trimestre"&" "&$B$35 -> Tercer Trimestre 2023
XFD1048573: ="Cuarto Trimestre"&" "&$B$35 -> Cuarto Trimestre 2023
